date,open,low,high,close,volume,ticker,hl2,rsi,sma_50,diff_sma50,sma_100,diff_sma100,sma_200,diff_sma200,bb_lower,bb_upper,diff_upper_bb,diff_lower_bb,local,local_text
2022-11-09,22.739999771118164,22.524999618530273,22.780000686645508,22.524999618530273,10100,SFLR,22.65250015258789,,,,,,,,,,,,,
2022-11-10,23.020000457763672,22.989999771118164,23.229999542236328,23.224000930786133,23000,SFLR,23.109999656677246,,,,,,,,,,,,,
2022-11-11,23.25,23.200000762939453,24.280000686645508,23.333999633789062,35000,SFLR,23.74000072479248,,,,,,,,,,,,,
2022-11-14,23.349000930786133,23.309999465942383,23.378999710083008,23.309999465942383,3000,SFLR,23.344499588012695,,,,,,,,,,,,,
2022-11-15,23.5,23.399999618530273,23.510000228881836,23.457000732421875,10300,SFLR,23.454999923706055,,,,,,,,22.5079990228932,23.832001129694692,1.5986715503423232,-4.045707805333276,,
2022-11-16,23.420000076293945,23.350000381469727,23.639999389648438,23.3700008392334,16400,SFLR,23.494999885559082,,,,,,,,23.18674777906285,23.491252861806295,0.5188361926343532,-0.784138012793334,,
2022-11-17,23.235000610351562,23.235000610351562,23.389999389648438,23.344999313354492,94000,SFLR,23.3125,,,,,,,,23.26177395681103,23.464626037085456,0.5124297590470839,-0.35650185903347564,,
2022-11-18,23.399999618530273,23.3700008392334,23.489999771118164,23.42799949645996,12900,SFLR,23.43000030517578,,,,,,,,23.274526545365365,23.48947339359948,0.2623949908689749,-0.6550834659091787,,
2022-11-21,23.450000762939453,23.31100082397461,23.530000686645508,23.384000778198242,21300,SFLR,23.42050075531006,,,,,,,,23.315990019724065,23.47761044414312,0.4003150138113032,-0.2908431244048937,,
2022-11-22,23.457000732421875,23.457000732421875,23.579999923706055,23.56399917602539,41000,SFLR,23.518500328063965,,,,,,,,23.262753425019703,23.573646416288888,0.04094058988641791,-1.2784152161751217,,
2022-11-23,23.679000854492188,23.600000381469727,23.850000381469727,23.652999877929688,60400,SFLR,23.725000381469727,,,,,,,,23.243292158647,23.70630729814011,0.22537276660692385,-1.7321596473899192,,
2022-11-25,23.68000030517578,23.660999298095703,23.68000030517578,23.660999298095703,1500,SFLR,23.670499801635742,,,,,,,,23.310235588561472,23.765763862122125,0.4427732011929475,-1.4824551791540852,,
2022-11-28,23.55900001525879,23.388999938964844,23.59000015258789,23.427000045776367,8600,SFLR,23.489500045776367,,,,,,,,23.309648471004298,23.76595119940586,1.446839770210362,-0.5009244655430289,,
2022-11-29,23.371000289916992,23.329999923706055,23.389999389648438,23.381000518798828,4600,SFLR,23.359999656677246,,,,,,,,23.30742357635619,23.766975990294203,1.6508081901159155,-0.3146868859759899,,
2022-11-30,23.34000015258789,23.329999923706055,23.829999923706055,23.812999725341797,14800,SFLR,23.579999923706055,75.6224252657328,,,,,,,23.265822649328808,23.908177137048146,0.3996867795075021,-2.297808265754453,,
2022-12-01,23.899999618530273,23.799999237060547,23.899999618530273,23.860000610351562,4700,SFLR,23.84999942779541,76.47184922244666,,,,,,,23.237967397177172,24.01883268216853,0.6656834356829844,-2.6070125618711137,,
2022-12-02,23.729999542236328,23.729999542236328,23.93000030517578,23.891000747680664,13000,SFLR,23.829999923706055,77.04010795217506,,,,,,,23.229101915272484,24.119698743907204,0.9572558246591756,-2.77049437735436,,
2022-12-05,23.799999237060547,23.61199951171875,23.799999237060547,23.61199951171875,2000,SFLR,23.70599937438965,62.42658046917191,,,,,,,23.328041019521486,24.094759426035154,2.0445532962035218,-1.2026024820826153,,
2022-12-06,23.405000686645508,23.336999893188477,23.413999557495117,23.336999893188477,1300,SFLR,23.375499725341797,51.96374755679743,,,,,,,23.288518192909308,24.116682002403195,3.34096975953746,-0.2077460706220391,,
2022-12-07,23.31999969482422,23.270000457763672,23.420000076293945,23.31399917602539,10000,SFLR,23.34500026702881,51.19094796316687,,,,,,,23.110172689601566,24.095427285984375,3.3517549008175163,-0.8742665077959955,,
2022-12-08,23.469999313354492,23.43000030517578,23.489999771118164,23.479999542236328,2500,SFLR,23.460000038146973,56.24820104221354,,,,,,,23.10404717939625,23.949552368943596,1.9997991305861218,-1.6011600092402323,,
2022-12-09,23.420000076293945,23.347999572753906,23.47800064086914,23.347999572753906,5300,SFLR,23.413000106811523,51.664114841654325,,,,,,,23.192355693643968,23.644043384725173,1.2679622125603363,-0.6666261862175449,,
2022-12-12,23.424999237060547,23.424999237060547,23.54599952697754,23.54599952697754,1900,SFLR,23.485499382019043,57.28723961411334,,,,,,,23.222439938513762,23.587559145958895,0.1765039489351139,-1.3741594961516168,,
2022-12-13,23.979999542236328,23.68899917602539,23.979999542236328,23.722000122070312,34500,SFLR,23.83449935913086,61.56723591786692,,,,,,,23.188223630880987,23.775775545144402,0.22669008851432526,-2.2501327394089055,,
2022-12-14,23.780000686645508,23.584999084472656,23.809999465942383,23.700000762939453,99800,SFLR,23.69749927520752,60.747833715968426,,,,,,,23.280085133221306,23.838314677569713,0.5836029965304634,-1.771795848946911,,
2022-12-15,23.200000762939453,23.07900047302246,23.209999084472656,23.148000717163086,27400,SFLR,23.14449977874756,44.679535386080794,,,,,,,23.05631531730837,23.929284963453345,3.3751694404906996,-0.3960834500352117,,
2022-12-16,23.049999237060547,22.96500015258789,23.06999969482422,22.98699951171875,8300,SFLR,23.017499923706055,41.25216868351336,,,,,,,22.822635839124928,24.018564417222727,4.487601372149874,-0.7150288253585657,,
2022-12-19,22.860000610351562,22.739999771118164,22.90999984741211,22.808000564575195,18900,SFLR,22.824999809265137,37.78205624331186,,,,,,,22.525965484500077,24.020035186886645,5.31407660605705,-1.2365620531997412,,
2022-12-20,22.760000228881836,22.753000259399414,22.820999145507812,22.80699920654297,51800,SFLR,22.786999702453613,37.762918712247014,,,,,,,22.429281001818715,23.750719303357066,4.1378529821817,-1.6561503830626378,,
2022-12-21,22.969999313354492,22.969999313354492,23.040000915527344,23.034000396728516,21900,SFLR,23.005000114440918,44.61209983499531,,,,,,,22.691453248635653,23.222146910055756,0.8168208304535796,-1.4871370243681792,,
2022-12-22,22.84000015258789,22.56999969482422,22.84000015258789,22.788999557495117,20500,SFLR,22.704999923706055,39.55279618171232,,,,,,,22.677473192906618,23.092526501917604,1.3319011379008039,-0.4893868390629663,,
2022-12-23,22.739999771118164,22.739999771118164,22.87700080871582,22.87700080871582,30500,SFLR,22.808500289916992,42.09303664815906,,,,,,,22.681728486127568,23.044271727495477,0.7311750354789925,-0.853574837982507,,
2022-12-27,22.780000686645508,22.770000457763672,22.860000610351562,22.780000686645508,46400,SFLR,22.815000534057617,40.0930117046524,,,,,,,22.668124869132285,23.046675393318885,1.1706527595923832,-0.4911141972827493,,
2022-12-28,22.850000381469727,22.584999084472656,22.8700008392334,22.600000381469727,25500,SFLR,22.727499961853027,36.61617880341173,,,,,,,22.533262209889884,23.09873852253199,2.2068058966547177,-0.2953016391741392,,
2022-12-29,22.84000015258789,22.83099937438965,22.93000030517578,22.895999908447266,37600,SFLR,22.880499839782715,45.05439345618457,,,,,,,22.578651527821464,22.998149009287914,0.4461438733800893,-1.3860428978632156,,
2022-12-30,22.770000457763672,22.691999435424805,22.829999923706055,22.822999954223633,322300,SFLR,22.76099967956543,43.51576066218321,,,,,,,22.5836182286094,23.006782467191382,0.805251340035773,-1.0488617889600982,,
2023-01-03,22.829999923706055,22.69499969482422,22.829999923706055,22.753999710083008,6300,SFLR,22.762499809265137,42.053864677974424,,,,,,,22.574765372078694,22.966434884268963,0.9336168449181281,-0.7877047564736062,,
2023-01-04,22.81999969482422,22.750999450683594,22.920000076293945,22.827999114990234,30200,SFLR,22.83549976348877,44.2182007381641,,,,,,,22.578835332403155,22.981564295282393,0.6727053891960155,-1.0914832322008627,,
2023-01-05,22.75,22.674999237060547,22.790000915527344,22.674999237060547,33700,SFLR,22.732500076293945,40.82309223922476,,,,,,,22.645119797536868,22.945279372385006,1.1919741760463065,-0.13177261534299545,,
2023-01-06,22.819000244140625,22.809999465942383,23.049999237060547,22.999000549316406,113000,SFLR,22.929999351501465,49.64107784022497,,,,,,,22.60149669459336,23.03010273167617,0.1352327562803124,-1.72835273372286,,
2023-01-09,23.041000366210938,23.020999908447266,23.179000854492188,23.020999908447266,65500,SFLR,23.100000381469727,50.18387183145341,,,,,,,22.584664837359053,23.126134570599934,0.45669025051380263,-1.8953784493439985,,
2023-01-10,23.075000762939453,22.969999313354492,23.075000762939453,23.04400062561035,9000,SFLR,23.022500038146973,50.78119002845998,,,,,,,22.630429990903124,23.196369783266796,0.6612096576976478,-1.7946998068017694,,
2023-01-11,23.06999969482422,22.899999618530273,23.19700050354004,23.19700050354004,24700,SFLR,23.048500061035156,54.67444870965711,,,,,,,22.6454475460656,23.32895278352424,0.5688333712113636,-2.3776908458068458,,
2023-01-12,23.350000381469727,23.309999465942383,23.350000381469727,23.329999923706055,4000,SFLR,23.329999923706055,57.79940584056492,,,,,,,22.864853676268385,23.37154692797966,0.17808403090215918,-1.9937687482160071,,
2023-01-13,23.299999237060547,23.299999237060547,23.440000534057617,23.40999984741211,14900,SFLR,23.369999885559082,59.60353982849572,,,,,,,22.893956104865634,23.506844218620696,0.413688047158578,-2.204373113669722,,
2023-01-17,23.458999633789062,23.440000534057617,23.479999542236328,23.440000534057617,5400,SFLR,23.460000038146973,60.289163127622224,,,,,,,22.990947450326296,23.577453123404176,0.5864018183226793,-1.9157554330208382,,
2023-01-18,23.530000686645508,23.253000259399414,23.53499984741211,23.253000259399414,7900,SFLR,23.39400005340576,54.122938296007234,,,,,,,23.142614439398802,23.509385987847292,1.102592033663452,-0.4747164613993937,,
2023-01-19,23.131000518798828,23.100000381469727,23.139999389648438,23.121999740600586,2900,SFLR,23.119999885559082,50.24593237381486,,,,,,,23.081412304151876,23.540587817918436,1.8103454805547647,-0.1755360129056749,,
2023-01-20,23.190000534057617,23.190000534057617,23.440000534057617,23.408000946044922,3700,SFLR,23.315000534057617,57.41766516910419,,,,,,,23.0837513121968,23.56944921880906,0.6897140560454984,-1.3852085643516143,,
2023-01-23,23.617000579833984,23.60099983215332,23.6299991607666,23.60099983215332,2300,SFLR,23.61549949645996,61.45534007444074,23.246340026855467,1.5256586838535924,,,,,23.036455381896083,23.693145143006262,0.3904296915735239,-2.392036160638067,,
2023-01-24,23.559999465942383,23.51099967956543,23.59000015258789,23.58099937438965,3200,SFLR,23.55049991607666,60.811823523450684,23.267460021972656,1.3475443908398388,,,,,23.022191410022607,23.763808651012546,0.7752397331448169,-2.3697382604315753,,
2023-01-25,23.40999984741211,23.40999984741211,23.56999969482422,23.56999969482422,1900,SFLR,23.489999771118164,60.43699919710648,23.27437999725342,1.2701506876044988,,,,,23.09473155223855,23.81806828296653,1.0524759921689109,-2.0164113226103897,,
2023-01-26,23.649999618530273,23.600000381469727,23.75200080871582,23.729999542236328,31300,SFLR,23.676000595092773,63.9205625863148,23.282299995422363,1.92291804032243,,,,,23.372854987485265,23.78314476837411,0.22395797371672632,-1.5050339723580386,,
2023-01-27,23.790000915527344,23.790000915527344,23.8799991607666,23.867000579833984,3200,SFLR,23.835000038146973,66.63000315729616,23.293440017700195,2.4623265679004636,,,,,23.441604855243245,23.897994754131755,0.1298620419189156,-1.782359384321508,,
2023-01-30,23.81999969482422,23.676000595092773,23.81999969482422,23.676000595092773,8300,SFLR,23.748000144958496,59.87871696801934,23.297820014953615,1.6232444919585864,,,,,23.467045674869777,23.902554239681006,0.956891531060311,-0.8825600395799382,,
2023-01-31,23.719999313354492,23.690000534057617,23.885000228881836,23.885000228881836,1800,SFLR,23.787500381469727,64.15830619605924,23.30812000274658,2.4750182600195902,,,,,23.50879904165612,23.982401214691535,0.40779143762335046,-1.5750520561888637,,
2023-02-01,23.860000610351562,23.799999237060547,24.110000610351562,24.045000076293945,5500,SFLR,23.954999923706055,67.05544709847814,23.32212001800537,3.099546943976317,,,,,23.581720792412753,24.099479616522792,0.22657325870654166,-1.926717747603346,,
2023-02-02,24.18000030517578,24.18000030517578,24.2450008392334,24.229999542236328,2400,SFLR,24.21250057220459,70.06811178285929,23.3381600189209,3.8213789030171696,,,,,23.56839324563869,24.31280716329686,0.3417565935821987,-2.7305254193024875,,
2023-02-03,24.25,24.100000381469727,24.260000228881836,24.139999389648438,98300,SFLR,24.18000030517578,66.86463830568235,23.353279991149904,3.3687747451179195,,,,,23.602659537406137,24.387740395455193,1.0262676556362704,-2.2259315071595176,,
2023-02-06,24.149999618530273,24.11199951171875,24.170000076293945,24.11199951171875,2200,SFLR,24.140999794006348,65.85586689606129,23.36423999786377,3.200444413870729,,,,,23.852017685209773,24.312781814301943,0.8327069784719088,-1.0782259114704318,,
2023-02-07,24.12700080871582,24.110000610351562,24.32200050354004,24.32200050354004,5200,SFLR,24.2160005569458,69.56459687708164,23.377620010375978,4.03967766070672,,,,,23.976734070921967,24.362865538453033,0.1680167505425656,-1.4195642852972479,,
2023-02-08,24.246000289916992,24.18000030517578,24.246000289916992,24.18000030517578,3600,SFLR,24.213000297546387,64.46554890559601,23.388000030517578,3.386353145308574,,,,,24.048537818678234,24.345061882249503,0.6826367865611305,-0.5436827329956984,,
2023-02-09,24.649999618530273,24.027000427246094,24.649999618530273,24.027000427246094,7900,SFLR,24.338500022888184,59.4123716709859,23.400000038146974,2.679488837935784,,,,,23.96236518221772,24.350034872713923,1.3444643098333486,-0.2690108789238588,maximum,$24.65
2023-02-10,24.0049991607666,23.951000213623047,24.058000564575195,24.054000854492188,14200,SFLR,24.00450038909912,60.008133609827986,23.41346004486084,2.7357802238714424,,,,,23.92796857927425,24.350032061594888,1.23069425703215,-0.5239555614067415,,
2023-02-13,24.229999542236328,24.200000762939453,24.246999740600586,24.246999740600586,6900,SFLR,24.22350025177002,64.06814764930607,23.422140045166017,3.5217093478390638,,,,,23.94157610112946,24.390424631292415,0.5915160317821577,-1.2596347702338861,,
2023-02-14,24.349000930786133,24.1299991607666,24.349000930786133,24.315000534057617,7900,SFLR,24.239500045776367,65.40094452725091,23.431240043640138,3.7717188197103457,,,,,23.944031978016827,24.38516876661208,0.2885800165053576,-1.525677762257005,,
2023-02-15,24.219999313354492,24.219999313354492,24.3799991607666,24.354999542236328,6500,SFLR,24.299999237060547,66.19524009977458,23.44052001953125,3.901276601129622,,,,,23.930226486657812,24.468973952795313,0.4679713106187089,-1.7440897703236535,,
2023-02-16,24.229999542236328,24.14299964904785,24.229999542236328,24.14299964904785,900,SFLR,24.18649959564209,58.52622622893545,23.451140022277833,2.9502174568604156,,,,,24.001125469368667,24.444474658805163,1.2487056875271074,-0.5876410625917372,,
2023-02-17,24.010000228881836,23.950000762939453,24.06800079345703,24.06800079345703,600,SFLR,24.009000778198242,56.052173797279245,23.465760040283204,2.5664660004192097,,,,,24.012330318820716,24.43886978493905,1.5409214694011464,-0.23130493934273577,,
2023-02-21,23.770000457763672,23.676000595092773,23.780000686645508,23.676000595092773,21500,SFLR,23.72800064086914,45.27844148200151,23.47300006866455,0.8648256543023702,,,,,23.627046149655673,24.59575429590097,3.884751130639996,-0.20676822185604626,,
2023-02-22,23.67099952697754,23.610000610351562,23.790000915527344,23.648000717163086,7900,SFLR,23.700000762939453,44.6187428474931,23.476360092163088,0.7311211121578287,,,,,23.428413615389886,24.527586903408945,3.7194949237610464,-0.9285651856980492,,
2023-02-23,23.559999465942383,23.559999465942383,23.760000228881836,23.750999450683594,6100,SFLR,23.65999984741211,47.64083206819368,23.48442008972168,1.1351328239890712,,,,,23.443442307150658,24.27095817502708,2.1892077654379394,-1.2949229533331663,,
2023-02-24,23.42099952697754,23.420000076293945,23.53700065612793,23.53700065612793,2800,SFLR,23.478500366210938,42.45692577842364,23.484240112304686,0.22466361939299517,,,,,23.37667434926201,24.095326535747752,2.372119913564519,-0.6811671087929239,,
2023-02-27,23.77899932861328,23.56999969482422,23.77899932861328,23.590999603271484,8800,SFLR,23.67449951171875,44.10954979780934,23.481620101928712,0.46580900665278424,,,,,23.49447961080669,23.786720798128858,0.8296435002704605,-0.40913905340157486,,
2023-02-28,23.549999237060547,23.549999237060547,23.645000457763672,23.554000854492188,1000,SFLR,23.59749984741211,43.194188083159936,23.478700103759767,0.320719419727844,,,,,23.46138809330275,23.771012419392562,0.9213363209120695,-0.39319333374217,,
2023-03-01,23.469999313354492,23.434999465942383,23.52899932861328,23.434999465942383,3400,SFLR,23.481999397277832,40.29758608846905,23.48444007873535,-0.21052498006003395,,,,,23.36825725300147,23.77894275920556,1.4676479671485554,-0.28479716006781786,,
2023-03-02,23.440000534057617,23.375999450683594,23.6200008392334,23.552000045776367,6500,SFLR,23.498000144958496,44.255668994308834,23.495740089416504,0.23944747492845586,,,,,23.428793837567326,23.638806412676814,0.36857322831065353,-0.5231241846534229,,
2023-03-03,23.649999618530273,23.631000518798828,23.833999633789062,23.833999633789062,3000,SFLR,23.732500076293945,52.43994853602122,23.516260070800783,1.3511483630120447,,,,,23.330520308059228,23.855879533249364,0.09180120750393872,-2.1124416105807953,,
2023-03-06,23.90999984741211,23.850000381469727,23.920000076293945,23.85300064086914,4200,SFLR,23.885000228881836,52.94128882259708,23.537180099487305,1.3417943018106726,,,,,23.31092011660638,23.98028013974128,0.533599528161921,-2.2725883943254255,,
2023-03-07,23.739999771118164,23.62299919128418,23.798999786376953,23.62299919128418,11600,SFLR,23.710999488830566,46.545338021683264,23.548960075378417,0.3144050338901083,,,,,23.335447195305886,23.98335239575857,1.5254337586708466,-1.2172543953876458,,
2023-03-08,23.600000381469727,23.579999923706055,23.670000076293945,23.639999389648438,6800,SFLR,23.625,47.05449046940746,23.565980072021485,0.3140939498409878,,,,,23.459074302005952,23.94172525854092,1.2763361957809582,-0.7653345698549807,,
2023-03-09,23.75,23.309999465942383,23.770000457763672,23.33799934387207,23200,SFLR,23.539999961853027,39.80175025329638,23.57520004272461,-1.0061450101066738,,,,,23.285632094966108,24.029567184819047,2.9632696048925267,-0.22438619581036656,,
2023-03-10,23.200000762939453,23.066999435424805,23.288000106811523,23.066999435424805,3500,SFLR,23.177499771118164,34.641771035262515,23.580940017700197,-2.1794745327778364,,,,,22.957951597268092,24.050447603171364,4.263442111314419,-0.4727439234651576,,
2023-03-13,22.969999313354492,22.969999313354492,23.167999267578125,23.097999572753906,2200,SFLR,23.06899929046631,35.66918157295059,23.590900001525878,-2.089366784396063,,,,,22.861415226872186,23.84498354632117,3.2339769130846907,-1.024263357251043,minimum,ðŸ’¸6.82%<br>$22.97
2023-03-14,23.312000274658203,23.312000274658203,23.450000762939453,23.361000061035156,4300,SFLR,23.381000518798828,43.74818675973684,23.600200004577637,-1.0135504931995665,,,,,22.885247126544197,23.71635199454955,1.521133224545057,-2.0365264040407616,,
2023-03-15,23.209999084472656,23.20599937438965,23.28700065612793,23.28700065612793,3200,SFLR,23.24650001525879,42.14444120352332,23.609480018615724,-1.3658893047772458,,,,,22.983514514265917,23.47688511341963,0.8154096789692478,-1.3032427247437361,,
2023-03-16,23.31999969482422,23.270000457763672,23.590999603271484,23.590999603271484,2700,SFLR,23.430500030517578,50.21818031174684,23.626220016479493,-0.14907341582124367,,,,,22.899411906384465,23.662187825060848,0.3017600906554785,-2.9315743652978288,,
2023-03-17,23.53499984741211,23.459999084472656,23.53499984741211,23.459999084472656,2300,SFLR,23.497499465942383,47.163793949687644,23.63886001586914,-0.756639411868476,,,,,23.027938834832597,23.690860756231856,0.9840651354159569,-1.8416891155210058,,
2023-03-20,23.489999771118164,23.489999771118164,23.575000762939453,23.575000762939453,700,SFLR,23.53250026702881,50.03675341033246,23.65686004638672,-0.346027677750782,,,,,23.21818957872747,23.6914104884112,0.493784609562975,-1.5135150484190119,,
2023-03-21,23.719999313354492,23.674999237060547,23.75,23.73699951171875,2700,SFLR,23.712499618530273,53.84405827418376,23.671620025634766,0.27619354320989054,,,,,23.229941759460374,23.830058087951734,0.39204018261467244,-2.136149314103686,,
2023-03-22,23.719999313354492,23.59000015258789,23.760000228881836,23.59000015258789,2900,SFLR,23.675000190734863,50.11240956889908,23.68300003051758,-0.3926862213817994,,,,,23.414569662253975,23.76662998374212,0.7487487495198453,-0.7436646426416837,,
2023-03-23,23.770000457763672,23.680999755859375,23.770000457763672,23.680999755859375,2200,SFLR,23.725500106811523,52.31558057439429,23.69574001312256,-0.0622063596875333,,,,,23.418262774819166,23.798936932212083,0.49802448194158355,-1.1094843281487798,,
2023-03-24,23.649999618530273,23.6200008392334,23.760000228881836,23.6200008392334,8600,SFLR,23.690000534057617,50.69927044163511,23.704200019836424,-0.35520785570728464,,,,,23.51989250457005,23.7613079043655,0.5982517362886242,-0.4238286668350466,,
2023-03-27,23.89299964904785,23.75,23.89299964904785,23.792999267578125,3600,SFLR,23.821499824523926,54.95026551114815,23.713460006713866,0.33541820064106886,,,,,23.535524543290297,23.83287526750072,0.16759551611862378,-1.0821448838469028,,
2023-03-28,23.770000457763672,23.649999618530273,23.780000686645508,23.746000289916992,15900,SFLR,23.71500015258789,53.59813725516514,23.720180015563965,0.10885361888519629,,,,,23.53461778883957,23.837382333230742,0.384831307159339,-0.8901814979223266,,
2023-03-29,23.959999084472656,23.90999984741211,24.01099967956543,24.01099967956543,2300,SFLR,23.96049976348877,59.629958167898096,23.73159999847412,1.1773318322796378,,,,,23.50245921167151,24.037940721189816,0.11220291526352622,-2.1179479183730643,,
2023-03-30,24.059999465942383,24.01799964904785,24.059999465942383,24.035999298095703,1500,SFLR,24.038999557495117,60.15615407667821,23.747259979248046,1.2158847761803981,,,,,23.52233430840984,24.16006544134602,0.516168026598951,-2.137065254975945,,
2023-03-31,24.15999984741211,24.15999984741211,24.242000579833984,24.242000579833984,1500,SFLR,24.201000213623047,64.28697296603235,23.769659996032715,1.9871575103729056,,,,,23.60623425078999,24.324965395206107,0.3422358443516238,-2.6225819397631134,,
2023-04-03,24.24799919128418,23.959999084472656,24.299999237060547,24.246000289916992,70800,SFLR,24.1299991607666,64.36422401692708,23.786419982910157,1.9321121351469905,,,,,23.688264160250224,24.424135894681417,0.7347009924705272,-2.3003222098397447,,
2023-04-04,24.219999313354492,24.139999389648438,24.25,24.18000030517578,8900,SFLR,24.19499969482422,61.981679208089204,23.797999992370606,1.605178220554837,23.52217000961304,2.7966394907183334,,,23.94169939581139,24.344300665223763,0.679488659943539,-0.9855289758345487,,
2023-04-05,24.170000076293945,24.170000076293945,24.239999771118164,24.239999771118164,300,SFLR,24.204999923706055,63.311268382194605,23.811180000305175,1.8009177655516906,23.539320011138916,2.97663551728633,,,24.028427780514054,24.349172317142195,0.45038179478082974,-0.8728217516577597,,
2023-04-06,24.25,24.15999984741211,24.309999465942383,24.280000686645508,7900,SFLR,24.234999656677246,64.2099262134272,23.8253800201416,1.9081360554147553,23.54988000869751,3.1003159153182303,,,24.173032644552066,24.302168008524106,0.09129868719810474,-0.4405602927032737,,
2023-04-10,24.270000457763672,24.059999465942383,24.299999237060547,24.288999557495117,16400,SFLR,24.179999351501465,64.42105985730689,23.83656002044678,1.898090733982749,23.55943000793457,3.0967198667999796,,,24.170100343761256,24.323899900379367,0.14368785672558282,-0.48951877763598883,,
2023-04-11,24.270000457763672,24.15999984741211,24.360000610351562,24.31999969482422,32200,SFLR,24.260000228881836,65.18304399425074,23.845620002746582,1.9893787287686315,23.56953001022339,3.18406724391751,,,24.16536463421824,24.358235371885275,0.15721906883574555,-0.6358349611282677,,
2023-04-12,24.329999923706055,24.23900032043457,24.329999923706055,24.23900032043457,2000,SFLR,24.284500122070312,61.4781447091214,23.85687999725342,1.601719601327356,23.577350006103515,2.8062963571384048,,,24.211909423047057,24.33529058915997,0.397253465293379,-0.11176573715655502,,
2023-04-13,24.280000686645508,24.18000030517578,24.4950008392334,24.489999771118164,9000,SFLR,24.33750057220459,67.61993846201895,23.868979988098143,2.6017860140218785,23.588549995422362,3.82155654277494,,,24.149342627368195,24.497857384838834,0.032084988951019966,-1.3910050916036254,,
2023-04-14,24.500999450683594,24.399999618530273,24.500999450683594,24.464000701904297,1200,SFLR,24.450499534606934,66.43832235359388,23.877360000610352,2.4568909681763396,23.59974000930786,3.6621619232057867,,,24.162415573088747,24.5583844452218,0.3858066571677199,-1.2327710928821012,,
2023-04-17,24.486000061035156,24.422000885009766,24.510000228881836,24.510000228881836,5300,SFLR,24.4660005569458,67.51975909954817,23.88296001434326,2.6254711064373826,23.61056001663208,3.8094827552423993,,,24.19197608449288,24.617224202372356,0.43747030799359266,-1.2975281167652009,,
2023-04-18,24.511999130249023,24.5,24.548999786376953,24.548999786376953,3000,SFLR,24.524499893188477,68.44803041838404,23.89114002227783,2.753572091937362,23.622210006713868,3.9233830340161813,,,24.23182834170867,24.66897198177766,0.4887050244192892,-1.2919933497424707,,
2023-04-19,24.440000534057617,24.329999923706055,24.549999237060547,24.549999237060547,8600,SFLR,24.4399995803833,68.47289757453576,23.899900016784667,2.720091798791291,23.63207000732422,3.884252329363602,,,24.44564880878667,24.579551081350047,0.12037411489971284,-0.4250526742027305,,
2023-04-20,24.40999984741211,24.40999984741211,24.458999633789062,24.458999633789062,7600,SFLR,24.434499740600586,63.56095927437893,23.90263999938965,2.3276074710308903,23.640130004882813,3.4638964706924735,,,24.42754261805184,24.585257217153238,0.5162009291244996,-0.12861121144858156,,
2023-04-21,24.479000091552734,24.466999053955078,24.485000610351562,24.485000610351562,2200,SFLR,24.47599983215332,64.34792151468248,23.908740005493165,2.4102508318129656,23.64837001800537,3.537793901690467,,,24.439353118348166,24.58184668023582,0.39553223389878767,-0.1864304303268005,,
2023-04-24,24.389999389648438,24.389999389648438,24.49799919128418,24.49799919128418,1000,SFLR,24.44399929046631,64.75769348639271,23.918159980773925,2.42426345076856,23.65908000946045,3.545865610532095,,,24.43622890325053,24.58017048029439,0.33542040869789513,-0.2521442161514398,,
2023-04-25,24.360000610351562,24.209999084472656,24.389999389648438,24.22800064086914,4900,SFLR,24.299999237060547,51.513424545905785,23.921639976501464,1.2806842033766141,23.667550010681154,2.3680128696677682,,,24.22001144667646,24.66798827866534,1.8160294954508327,-0.03297504532505657,,
2023-04-26,24.139999389648438,24.06999969482422,24.163000106811523,24.159000396728516,4400,SFLR,24.11649990081787,48.768383408874506,23.91987998962402,0.9996722692932503,23.67101001739502,2.0615528402670114,,,24.079966125016732,24.65163406419225,2.039131004486605,-0.3271421433582389,,
2023-04-27,24.280000686645508,24.280000686645508,24.5,24.489999771118164,7800,SFLR,24.390000343322754,59.827461795204,23.923379974365233,2.368477185749196,23.677310009002685,3.4323568082965217,,,24.077146223941938,24.666854020198684,0.722148839254344,-1.6858046183533149,,
2023-04-28,24.40999984741211,24.40999984741211,24.573999404907227,24.573999404907227,300,SFLR,24.491999626159668,62.06541556164657,23.927759971618652,2.7007936975926627,23.684139995574952,3.757195361531096,,,24.061015490378455,24.718584271584437,0.588365224133347,-2.087506824087948,,
2023-05-01,24.56999969482422,24.559999465942383,24.604999542236328,24.600000381469727,1100,SFLR,24.582499504089355,62.75702850586312,23.93689998626709,2.7702016367326943,23.69402000427246,3.8236668029903775,,,24.046309717412896,24.774090520624213,0.7076834815239463,-2.250775022239049,,
2023-05-02,24.33099937438965,24.329999923706055,24.45400047302246,24.45400047302246,1800,SFLR,24.392000198364258,56.52517410861609,23.9446199798584,2.12732753158138,23.7051900100708,3.158846069715282,,,24.140405587945292,24.77039458295315,1.293833744215922,-1.2823868447337516,,
2023-05-03,24.440000534057617,23.280000686645508,24.510000228881836,24.33300018310547,61900,SFLR,23.895000457763672,51.92329036976476,23.957759971618653,1.5662574962406417,23.715380020141602,2.6043021973053637,,,24.30025122370143,24.68014886174779,1.4266579379033972,-0.134586607313536,,
2023-05-04,24.200000762939453,24.100000381469727,24.219999313354492,24.219999313354492,15300,SFLR,24.15999984741211,47.99361014086983,23.96919994354248,1.046340179909011,23.722780017852784,2.0959571143328137,,,24.148409698501244,24.723990203842508,2.0808873029576125,-0.2955805816797663,,
2023-05-05,24.43000030517578,24.31999969482422,24.559999465942383,24.55699920654297,13200,SFLR,24.4399995803833,58.162873876372664,23.985319938659668,2.383454835479859,23.734870014190673,3.4638032222664705,,,24.151268376903204,24.714331446094846,0.6406818611207177,-1.6522003614010905,,
2023-05-08,24.549999237060547,23.889999389648438,24.599000930786133,24.599000930786133,47800,SFLR,24.244500160217285,59.23282865228066,24.006559944152833,2.467829576630365,23.745400028228758,3.594805316156413,,,24.15154260646184,24.713657436262768,0.46610228520760355,-1.8190101524175661,,
2023-05-09,24.520999908447266,24.520000457763672,24.559999465942383,24.53700065612793,7400,SFLR,24.539999961853027,56.918790998248326,24.02547996520996,2.1290758463875736,23.753550033569336,3.2982464576932546,,,24.155526368024947,24.742873747941847,0.8390312031169245,-1.5546899698505423,,
2023-05-10,24.6200008392334,24.6200008392334,24.6299991607666,24.6299991607666,2200,SFLR,24.625,59.47611668169226,24.04699993133545,2.4244156489203084,23.762850017547606,3.64917988616118,,,24.212830319835803,24.80436938719545,0.7079587185151226,-1.6937428142316469,,
2023-05-11,24.579999923706055,24.540000915527344,24.6299991607666,24.606000900268555,4700,SFLR,24.585000038146973,58.510903064949204,24.070419960021972,2.225058562069604,23.777430019378663,3.4846948564861924,,,24.51799593254295,24.653604409253926,0.19346300594849097,-0.3576565248546548,,
2023-05-12,24.540000915527344,24.483999252319336,24.56999969482422,24.56999969482422,4400,SFLR,24.526999473571777,57.016045242114345,24.09077995300293,1.989224685776736,23.79326002120972,3.2645365659102588,,,24.524318287430713,24.65248224967866,0.3357043381315705,-0.1859235163243711,,
2023-05-15,24.549999237060547,24.549999237060547,24.6200008392334,24.6200008392334,500,SFLR,24.585000038146973,58.59813309967428,24.106499977111817,2.1301344558900315,23.8113800239563,3.3959426730561404,,,24.52371688111932,24.66148361936896,0.1684921962693542,-0.3910802389602064,,
2023-05-16,24.56999969482422,24.510000228881836,24.593000411987305,24.530000686645508,800,SFLR,24.55150032043457,54.69578446017218,24.120039978027343,1.699668445788749,23.828610038757326,2.943481162969075,,,24.51772242970705,24.66467808298826,0.5490313598567109,-0.05005404237572453,,
2023-05-17,24.559999465942383,24.559999465942383,24.738000869750977,24.738000869750977,800,SFLR,24.64900016784668,61.13720270996058,24.14234001159668,2.4672871721141076,23.84565004348755,3.742195430344908,,,24.472912271133147,24.752688925155915,0.059374463936157085,-1.0715845634154397,,
2023-05-18,24.75,24.75,24.8799991607666,24.8799991607666,300,SFLR,24.8149995803833,64.81512831069529,24.167140007019043,2.9497042411328778,23.866560039520262,4.246272272033336,,,24.413364522357664,24.92183597813062,0.16815441629913774,-1.875541214425669,,
2023-05-19,24.8700008392334,24.809999465942383,24.8799991607666,24.8799991607666,9100,SFLR,24.844999313354492,64.81512831069527,24.197980003356932,2.818496243550306,23.88659002304077,4.158857069039978,,,24.450799495422757,25.008400791442476,0.5160837419896369,-1.7250790989601472,,
2023-05-22,24.8799991607666,24.8700008392334,24.940000534057617,24.90999984741211,800,SFLR,24.905000686645508,65.6125468675799,24.23484001159668,2.7859058920642887,23.907890014648437,4.191544432192362,,,24.503523318181305,25.07167657195541,0.6490434585855631,-1.6317805368153526,,
2023-05-23,24.920000076293945,24.743999481201172,24.920000076293945,24.743999481201172,6900,SFLR,24.83199977874756,57.80589154681952,24.267760009765624,1.9624368761018918,23.929330005645753,3.4044809251375208,,,24.68272726071513,24.978072147243854,0.9459774933333387,-0.24762456260393195,,
2023-05-24,24.600000381469727,24.600000381469727,24.600000381469727,24.600000381469727,100,SFLR,24.600000381469727,52.023432968894944,24.292540016174318,1.2656575438002582,23.946370010375976,2.7295593061100076,,,24.56956767983361,25.03603153281287,1.7724843275676916,-0.12371016733414564,,
2023-05-25,24.770000457763672,24.760000228881836,24.770000457763672,24.760000228881836,100,SFLR,24.765000343322754,57.15220482675636,24.322000007629395,1.8008396559289874,23.96574001312256,3.3141485108508117,,,24.55791345786841,24.99968618202417,0.9680369585083781,-0.8161824278890673,,
2023-05-26,24.93000030517578,24.93000030517578,25.006999969482422,25.006999969482422,800,SFLR,24.9685001373291,63.618132116501734,24.350320014953613,2.6968021534236053,23.98827001571655,4.246783753469607,,,24.521928280276853,25.086471683102054,0.3177978714624663,-1.9397436309734561,,
2023-05-30,25.09000015258789,25.048999786376953,25.110000610351562,25.048999786376953,1300,SFLR,25.079500198364258,64.59646039076634,24.3821000289917,2.735202286071625,24.01048002243042,4.3252769747891495,,,24.492040233096343,25.1719597058685,0.49087756213890277,-2.223480210908524,,
2023-05-31,24.850000381469727,24.850000381469727,25.014999389648438,24.992000579833984,2600,SFLR,24.932499885559082,62.153744231476345,24.41044002532959,2.3824255273601658,24.033650035858155,3.987536402277514,,,24.535165804835685,25.228034573582285,0.9444381733039631,-1.8279239932753488,,
2023-06-01,25.05500030517578,25.049999237060547,25.145000457763672,25.145000457763672,1300,SFLR,25.09749984741211,65.88315409974408,24.43860004425049,2.890510963124404,24.055110034942626,4.530806224697637,,,24.73651799498597,25.24468241394958,0.39642853199921557,-1.624507676839515,,
2023-06-02,25.31999969482422,25.270000457763672,25.399999618530273,25.3700008392334,5000,SFLR,25.335000038146973,70.48871169678021,24.4742000579834,3.66018410868465,24.07860004425049,5.363271920334389,,,24.833967154839648,25.391233498236524,0.08369199172548747,-2.1128642753720395,,
2023-06-05,25.43899917602539,25.358999252319336,25.43899917602539,25.3700008392334,14200,SFLR,25.398999214172363,70.48871169678023,24.507980079650878,3.5173064315417113,24.10186004638672,5.261588899802749,,,24.86796844952124,25.502432551455325,0.5220012134060648,-1.9788426216202248,,
2023-06-06,25.389999389648438,25.389999389648438,25.420000076293945,25.39900016784668,1500,SFLR,25.40499973297119,71.07242478484368,24.543560066223144,3.4853953514298652,24.123880043029786,5.285717399284273,,,24.934632546519342,25.57576860704511,0.695966132644088,-1.8282909494807376,,
2023-06-07,25.350000381469727,25.309999465942383,25.450000762939453,25.31999969482422,16200,SFLR,25.380000114440918,67.17442634958476,24.574100074768065,3.0353079778576264,24.143780040740968,4.871729497611654,,,25.137796944180394,25.503803855380156,0.7259248134726892,-0.7196001296993271,,
2023-06-08,25.43000030517578,25.3799991607666,25.479999542236328,25.450000762939453,25900,SFLR,25.429999351501465,70.08227016502309,24.608180084228515,3.420897749567686,24.164180049896242,5.321184953878588,,,25.296736212401278,25.466864709229583,0.06626304826948815,-0.6022182551811972,,
2023-06-09,25.450000762939453,25.450000762939453,25.472000122070312,25.472000122070312,1400,SFLR,25.461000442504883,70.55758349723993,24.637400093078615,3.3875328802496663,24.184500045776367,5.323658020041622,,,25.29279872679475,25.511601907970878,0.1554718346057582,-0.7035230622517652,,
2023-06-12,25.510000228881836,25.469999313354492,25.538000106811523,25.538000106811523,1600,SFLR,25.503999710083008,71.99507177877649,24.66744010925293,3.529186626998393,24.20735004425049,5.49688445917722,,,25.289592344395402,25.582007997401476,0.17232316706825568,-0.9726985722341874,,
2023-06-13,25.649999618530273,25.639999389648438,25.704999923706055,25.704999923706055,1800,SFLR,25.672499656677246,75.28340851128557,24.69670009613037,4.082730986937277,24.233180046081543,6.073572988876053,,,25.24543222708639,25.748568017054232,0.16949268032480092,-1.7878533280828224,,
2023-06-14,25.719999313354492,25.6299991607666,25.722000122070312,25.722000122070312,3200,SFLR,25.675999641418457,75.59753045540347,24.72622009277344,4.027223027056626,24.256320037841796,6.042466796043011,,,25.34747328471701,25.80732713032205,0.3317277344172087,-1.4560564325320269,,
2023-06-15,25.75,25.75,25.860000610351562,25.860000610351562,1400,SFLR,25.80500030517578,78.03759295691972,24.759820098876954,4.443410764218392,24.27891004562378,6.512197465852765,,,25.382134410614945,25.93666594338896,0.2964629977878275,-1.8478970938049066,,
2023-06-16,25.90999984741211,25.829999923706055,25.90999984741211,25.857999801635742,1300,SFLR,25.869999885559082,77.91594546835897,24.792180099487304,4.299015648770954,24.30168004989624,6.4041652615953515,,,25.498912483781176,25.9742877420489,0.4497174619275901,-1.3886894601640831,,
2023-06-20,25.7810001373291,25.719999313354492,25.815000534057617,25.815000534057617,700,SFLR,25.767499923706055,75.20279768345219,24.822880096435547,3.996798251321909,24.324130058288574,6.129183128837212,,,25.659401321819367,25.924599074909146,0.42455370359932854,-0.6027472749147167,,
2023-06-21,25.729999542236328,25.729999542236328,25.73200035095215,25.73200035095215,200,SFLR,25.73099994659424,70.12666498494502,24.851740112304686,3.5420466923828275,24.344150066375732,5.700960110713926,,,25.677857130564824,25.91694343706213,0.7187279791216694,-0.21041201480210825,,
2023-06-22,25.774999618530273,25.510000228881836,25.809999465942383,25.780000686645508,275300,SFLR,25.65999984741211,71.33183621027383,24.880940132141113,3.6134508974722923,24.36328006744385,5.814983102767002,,,25.71180798816368,25.906192805293347,0.48949618032092523,-0.26451783035502663,,
2023-06-23,25.641000747680664,25.639999389648438,25.673999786376953,25.66200065612793,2400,SFLR,25.656999588012695,64.44847989431952,24.90940013885498,3.0213514298925492,24.3831400680542,5.244856013230392,,,25.63382736748508,25.9049734442825,0.9468193513452849,-0.10978601793513176,,
2023-06-26,25.600000381469727,25.541000366210938,25.625999450683594,25.541000366210938,1400,SFLR,25.583499908447266,58.24204197997591,24.930420150756834,2.4491372859416716,24.39970006942749,4.677517729873593,,,25.511693426372755,25.9003076112249,1.4067861080699906,-0.11474468273745542,,
2023-06-27,25.76799964904785,25.76799964904785,25.812000274658203,25.812000274658203,1900,SFLR,25.789999961853027,66.11303941818547,24.957380142211914,3.4243182881235956,24.41737007141113,5.7116315113721505,,,25.512429583491667,25.898371350346224,0.3346159722957154,-1.1605868897369032,,
2023-06-28,25.75,25.690000534057617,25.774999618530273,25.75,4000,SFLR,25.732500076293945,63.178958205077414,24.982180137634277,3.0734702021023574,24.43257007598877,5.392105373744283,,,25.513523606575454,25.90447718688158,0.5999114053653498,-0.9183549259205614,,
2023-06-29,25.75,25.690000534057617,25.799999237060547,25.77400016784668,10800,SFLR,25.744999885559082,63.84780254535099,25.006680145263672,3.0684601799425115,24.448910083770752,5.419832947708891,,,25.51401546963601,25.901585116301487,0.49501415233934587,-1.008709150762721,,
2023-06-30,25.940000534057617,25.940000534057617,26.06999969482422,26.038999557495117,6300,SFLR,26.005000114440918,70.26945907895339,25.03646015167236,4.004317702060556,24.468180084228514,6.419845970804783,,,25.465570844166187,26.10082930231819,0.2374505390906112,-2.2021918010435737,,
2023-07-03,25.992000579833984,25.992000579833984,26.059999465942383,26.040000915527344,4100,SFLR,26.026000022888184,70.29093395015612,25.068080177307127,3.8771247392931585,24.48536008834839,6.349266751926375,,,25.624394577871563,26.141605788339376,0.39018766989153963,-1.5960304264350467,,
2023-07-05,26.079999923706055,26.011999130249023,26.09000015258789,26.065000534057617,3400,SFLR,26.050999641418457,70.85690230428786,25.09968017578125,3.845946846796111,24.50421009063721,6.369478704464626,,,25.652349616043534,26.21485085392717,0.5749100970619647,-1.5831609804684121,,
2023-07-06,25.860000610351562,25.860000610351562,25.940000534057617,25.93000030517578,900,SFLR,25.90000057220459,63.78981731886922,25.128320198059082,3.1903450003738065,24.523240089416504,5.736436990503524,,,25.752895373041397,26.18630521899962,0.9884493282195539,-0.6830116854994128,,
2023-07-07,26.0,25.860000610351562,26.030000686645508,25.86400032043457,26900,SFLR,25.945000648498535,60.60725594928299,25.16104019165039,2.7938436703322633,24.541340084075927,5.389519202404425,,,25.832750156985213,26.14245049609096,1.0765936135424203,-0.12082494224479046,,
2023-07-10,25.940000534057617,25.8700008392334,25.950000762939453,25.92099952697754,27800,SFLR,25.910000801086426,62.35409475702556,25.19628017425537,2.876295023352937,24.558080081939696,5.549780115100078,,,25.811731603012003,26.11626903785714,0.7533255447050635,-0.42154209312729174,,
2023-07-11,26.020000457763672,26.0,26.093000411987305,26.093000411987305,12500,SFLR,26.046500205993652,67.0957993777983,25.228340187072753,3.427336949252058,24.575860080718993,6.173294958081987,,,25.79731999697614,26.151880442476983,0.22565450335343407,-1.1331790531660335,,
2023-07-12,26.34000015258789,26.260000228881836,26.34000015258789,26.260000228881836,4000,SFLR,26.300000190734863,70.92498715458976,25.262060203552245,3.9503509107672308,24.59491008758545,6.77005988380035,,,25.723826013645418,26.303374303737396,0.16517164690599273,-2.041790596203852,,
2023-07-13,26.420000076293945,26.371000289916992,26.489999771118164,26.454999923706055,45200,SFLR,26.430500030517578,74.63662043775896,25.299160194396972,4.568688132047427,24.61803009033203,7.46188800092269,,,25.682543924475404,26.554656240319517,0.37670125458650894,-2.919886605399158,,
2023-07-14,26.559999465942383,26.448999404907227,26.559999465942383,26.448999404907227,11700,SFLR,26.504499435424805,74.32220541686353,25.339060173034667,4.380348853876326,24.641840076446535,7.333702851955581,,,25.822243777930503,26.64895602065348,0.7560082432046755,-2.369676135500376,,
2023-07-17,26.475000381469727,26.475000381469727,26.56999969482422,26.56999969482422,14700,SFLR,26.522500038146973,76.47436725502085,25.383800163269044,4.673057319729579,24.670780067443847,7.6982552727898,,,26.028130083331472,26.702669782391187,0.49932287952871857,-2.0394039055947055,,
2023-07-18,26.6200008392334,26.6200008392334,26.65999984741211,26.648000717163086,3500,SFLR,26.640000343322754,77.76795301181463,25.432360191345214,4.779896622538238,24.700780067443848,7.883235446016212,,,26.213728600982993,26.73907138680998,0.34175422994580096,-1.6296611546561257,,
2023-07-19,26.650999069213867,26.610000610351562,26.690000534057617,26.65999984741211,31900,SFLR,26.65000057220459,77.96864465250327,25.4744202041626,4.654000498334332,24.72987007141113,7.80485206928887,,,26.375015387354594,26.737784447850487,0.2917651946120703,-1.0689589710750846,,
2023-07-20,26.6200008392334,26.510000228881836,26.68000030517578,26.607999801635742,42500,SFLR,26.59500026702881,74.8166412266966,25.51460018157959,4.285388022053116,24.76058006286621,7.461132712072982,,,26.435146723297777,26.738853063079176,0.49178165370924454,-0.6496282307072887,,
2023-07-21,26.649999618530273,26.610000610351562,26.679000854492188,26.610000610351562,1323100,SFLR,26.644500732421875,74.85875653436547,25.556060180664062,4.124033290878382,24.79077007293701,7.338338147875945,,,26.55516981583013,26.683230452724555,0.2751966955780727,-0.2060533380826124,,
2023-07-24,26.670000076293945,26.6200008392334,26.690000534057617,26.63800048828125,16900,SFLR,26.655000686645508,75.4768273419002,25.596220207214355,4.070055159055341,24.821610069274904,7.3177783952651065,,,26.591493629228392,26.674106956709107,0.13554496495988833,-0.17458840078224958,,
2023-07-25,26.6200008392334,26.6200008392334,26.770000457763672,26.731000900268555,21800,SFLR,26.695000648498535,77.4589857093622,25.638720207214355,4.26027775265807,24.854570083618164,7.5496410130512,,,26.559212521606934,26.739588137572756,0.032124638116770576,-0.6426559907073859,,
2023-07-26,26.690000534057617,26.650999069213867,26.780000686645508,26.735000610351562,10900,SFLR,26.715499877929688,77.54305563844152,25.6820202255249,4.100068357473385,24.886400089263915,7.428155596860075,,,26.550357205177907,26.77844375917756,0.16249540989041744,-0.6906429809549475,,
2023-07-27,26.780000686645508,26.645000457763672,26.92099952697754,26.650999069213867,21900,SFLR,26.782999992370605,71.5107673400947,25.722640190124512,3.6091119427381857,24.914570083618162,6.969532204520923,,,26.57146764150099,26.774533029885728,0.46352468945360936,-0.29841818502311934,,
2023-07-28,26.8799991607666,26.875,26.940000534057617,26.90999984741211,41100,SFLR,26.90750026702881,77.35909246392576,25.770240173339843,4.422774744844582,24.945140075683593,7.876723745655978,,,26.538915655743075,26.92708471046786,0.06348890060432488,-1.3789825112344611,,
2023-07-31,27.0,26.895000457763672,27.0,26.94300079345703,13900,SFLR,26.947500228881836,77.97937617800945,25.814340171813964,4.372223400369624,24.978340091705324,7.865457410455079,,,26.568511828825386,27.019488659455867,0.2838877027291353,-1.3899304220136743,maximum,ðŸš€17.54%<br>$27.0
2023-08-01,26.940000534057617,26.8439998626709,26.940000534057617,26.885000228881836,9800,SFLR,26.892000198364258,74.13513063903311,25.85444019317627,3.98600792747994,25.010790100097655,7.493606244677831,,,26.600077697890388,27.049522521836177,0.6119482668912157,-1.059782512798213,,
2023-08-02,26.7189998626709,26.510000228881836,26.7189998626709,26.577999114990234,83300,SFLR,26.614500045776367,57.8723473692588,25.888400192260743,2.6637371085434847,25.04319009780884,6.128648192131414,,,26.495350029576834,27.091449592005198,1.931862796719619,-0.3109680493848188,,
2023-08-03,26.469999313354492,26.469999313354492,26.559999465942383,26.531999588012695,2600,SFLR,26.514999389648438,55.89386116268458,25.920840187072756,2.3577916322509385,25.07784009933472,5.798583462203966,,,26.41603292506915,27.123166904032413,2.2281295235916154,-0.43708225819489854,,
2023-08-04,26.649999618530273,26.4060001373291,26.690000534057617,26.4060001373291,4500,SFLR,26.54800033569336,50.77351708192768,25.954080200195314,1.7412288690176192,25.11092010498047,5.1574375886440205,,,26.2512341354648,27.086365809603564,2.576557103446553,-0.5861016475778746,,
2023-08-07,26.510000228881836,26.510000228881836,26.639999389648438,26.62700080871582,2700,SFLR,26.574999809265137,58.03509359413203,25.994620208740233,2.4327364466089074,25.143580112457276,5.8997990326906224,,,26.289952809035466,26.921247142136412,1.1050675047272973,-1.2658128570380622,,
2023-08-08,26.440000534057617,26.34000015258789,26.549999237060547,26.534000396728516,15400,SFLR,26.44499969482422,54.39849821251841,26.030100212097167,1.9358365143641088,25.176050109863283,5.393817858398786,,,26.388530709693214,26.682269308617336,0.5587883834776042,-0.5482388062873378,,
2023-08-09,26.489999771118164,26.31999969482422,26.489999771118164,26.341999053955078,5000,SFLR,26.40499973297119,47.74652973265334,26.05680019378662,1.0945275630446227,25.203560104370116,4.516976748009371,,,26.285393135529237,26.69100685836725,1.3249100939428216,-0.2148884688284225,,
2023-08-10,26.5,26.357999801635742,26.649999618530273,26.357999801635742,22700,SFLR,26.503999710083008,48.31375936664801,26.082980194091796,1.0544025471684426,25.23254011154175,4.460350345699804,,,26.23359689074465,26.67320318860105,1.1958547284978138,-0.47197401861794885,,
2023-08-11,26.31999969482422,26.25,26.3700008392334,26.291000366210938,21700,SFLR,26.3100004196167,46.05913052312905,26.108960189819335,0.6972325786554601,25.259700107574464,4.082789004795928,,,26.174472448683925,26.68632772221451,1.5036603799665427,-0.4432235970631693,,
2023-08-14,26.2189998626709,26.2189998626709,26.44499969482422,26.417999267578125,13900,SFLR,26.33199977874756,50.750696458717194,26.134420166015627,1.0850789868728672,25.286510105133058,4.47467506484962,,,26.222132240132506,26.55506731431085,0.5188434042427525,-0.74141506880121,,
2023-08-15,26.288000106811523,26.197999954223633,26.290000915527344,26.197999954223633,10400,SFLR,26.24400043487549,43.665605737398344,26.15098014831543,0.17980131391455156,25.312590103149414,3.497903009791381,,,26.173759601936965,26.46903977550444,1.0345821122009324,-0.09252749190404863,,
2023-08-16,26.219999313354492,26.03499984741211,26.260000228881836,26.03499984741211,4000,SFLR,26.147500038146973,39.28910694166775,26.164280128479003,-0.49410983383477713,25.336130104064942,2.7583918320463585,,,25.99167492986353,26.52832476496069,1.89485277680006,-0.16641028539465808,,
2023-08-17,26.059999465942383,25.85300064086914,26.09000015258789,25.89299964904785,9100,SFLR,25.971500396728516,35.912228515738946,26.17416011810303,-1.0741909875484956,25.358860092163084,2.1063232138334165,,,25.796229858120057,26.537769775669005,2.4901329910026915,-0.3737295494512294,,
2023-08-18,25.767000198364258,25.719999313354492,25.915000915527344,25.857999801635742,19000,SFLR,25.817500114440918,35.11119486521785,26.18492012023926,-1.248506075643241,25.379510097503662,1.8853386148661055,,,25.66620658155788,26.494592826401103,2.4618803838226233,-0.7417171534889189,,
2023-08-21,26.229999542236328,25.84000015258789,26.239999771118164,26.0310001373291,8200,SFLR,26.039999961853027,41.99798663932053,26.19654010772705,-0.6319153969081559,25.402360095977784,2.4747308477484964,,,25.761408297269657,26.24459145858972,0.8205267570734698,-1.0356568654188658,,
2023-08-22,26.040000915527344,25.93400001525879,26.040000915527344,25.968000411987305,5000,SFLR,25.987000465393066,40.319793772971614,26.20646011352539,-0.9099271725562685,25.421930103302003,2.148028518945444,,,25.8139528729496,26.100047066015243,0.5084975813808956,-0.5932206430749876,,
2023-08-23,26.049999237060547,25.889999389648438,26.239999771118164,26.215999603271484,33700,SFLR,26.0649995803833,48.96504175701411,26.22002010345459,-0.015333703663245046,25.443730106353758,3.0352055052056848,,,25.740181760350055,26.246218080958542,0.1152673105903057,-1.8149902735810741,,
2023-08-24,26.25,25.929000854492188,26.260000228881836,25.929000854492188,20400,SFLR,26.09450054168701,41.476990633810516,26.224500122070314,-1.1268061019376163,25.46060010910034,1.8397081898490875,,,25.757344702866682,26.24345562061965,1.2127531172223316,-0.662023780201948,,
2023-08-25,26.0,25.94300079345703,26.114999771118164,26.05900001525879,4900,SFLR,26.029000282287598,45.53963187517306,26.231240119934082,-0.6566220426017955,25.47873010635376,2.2774679369138795,,,25.842770362006934,26.23843004692861,0.6885530203183388,-0.829769573372896,,
2023-08-28,26.1200008392334,26.114999771118164,26.18000030517578,26.18000030517578,4500,SFLR,26.147500038146973,49.08268651106203,26.237640113830565,-0.21968366211563284,25.49873010635376,2.671780892540454,24.510450057983398,6.811585439038437,25.844443029708156,26.296357446366063,0.4444504959279172,-1.2817313657604745,,
2023-08-29,26.219999313354492,26.219999313354492,26.469999313354492,26.434999465942383,12700,SFLR,26.344999313354492,55.63342423118922,26.2491801071167,0.7079053824439407,25.520680103302002,3.582660645952296,24.53000005722046,7.76599838678429,25.825983442569793,26.50161665508646,0.2520037468882963,-2.3038246100864024,,
2023-08-30,26.510000228881836,26.479999542236328,26.559999465942383,26.559999465942383,12700,SFLR,26.519999504089355,58.45504697710357,26.264080085754394,1.1267075763620404,25.54348009109497,3.9795649270272904,24.54668004989624,8.202002926479878,25.76506856542468,26.70013147729993,0.5276054750574799,-2.9929627880340703,,
2023-08-31,26.577999114990234,26.549999237060547,26.68000030517578,26.56100082397461,274600,SFLR,26.614999771118164,58.47782873059547,26.280660095214845,1.0667187496207875,25.566200103759765,3.891077736141746,24.562815055847167,8.135003107682381,25.95007760832959,26.76792242218799,0.7790429268260457,-2.3000760389028208,,
2023-09-01,26.525999069213867,26.525999069213867,26.6299991607666,26.60099983215332,11100,SFLR,26.577999114990234,59.434731370201355,26.297080078125,1.1557167302431282,25.589010105133056,3.9547826307562595,24.579270057678222,8.22534505593886,26.159071491876954,26.775728465398434,0.6568498716124083,-1.6613222926387783,,
2023-09-05,26.6200008392334,26.57200050354004,26.6200008392334,26.606000900268555,2900,SFLR,26.59600067138672,59.56021721586037,26.315960083007813,1.102147960195543,25.612680110931397,3.878238376596954,24.595015058517458,8.176396058170642,26.428828012104656,26.676372183207842,0.2644940260021489,-0.6659132608016649,,
2023-09-06,26.565000534057617,26.40999984741211,26.579999923706055,26.450000762939453,4100,SFLR,26.494999885559082,53.953520460961585,26.334140090942384,0.43996375654171693,25.63228012084961,3.19019860205374,24.610415058135985,7.474826005404234,26.443168622835298,26.66803209127603,0.8243150171930003,-0.025830396624137997,,
2023-09-07,26.329999923706055,26.329999923706055,26.450000762939453,26.450000762939453,9900,SFLR,26.390000343322754,53.953520460961585,26.34690010070801,0.39131989660017297,25.65214012145996,3.110308292804076,24.62594006538391,7.407070319803055,26.39356319928154,26.673638033628617,0.845509505627362,-0.21337452563324755,,
2023-09-08,26.530000686645508,26.420000076293945,26.540000915527344,26.469999313354492,27700,SFLR,26.480000495910645,54.58907676264125,26.3613000869751,0.412343951249583,25.671740112304686,3.109486141405715,24.641150064468384,7.421931379425506,26.370759525733245,26.66004110292886,0.7179516226073046,-0.37491420549897736,,
2023-09-11,26.510000228881836,26.510000228881836,26.674999237060547,26.6299991607666,23200,SFLR,26.59249973297119,59.41548141115618,26.378420066833495,0.9537307135745632,25.692550106048586,3.648719379153098,24.657380056381225,8.000116394664847,26.361729497861166,26.680670862246256,0.19028052225518177,-1.0073964377012468,,
2023-09-12,26.559999465942383,26.204999923706055,26.59000015258789,26.506999969482422,25800,SFLR,26.397500038146973,54.610345315833435,26.38778007507324,0.45179963630892495,25.7121201133728,3.0914597964101898,24.67209506034851,7.437166988233845,26.366229375578143,26.636570612214825,0.48881670080196393,-0.5310695064184912,,
2023-09-13,26.489999771118164,26.489999771118164,26.59000015258789,26.51799964904785,38100,SFLR,26.539999961853027,54.96114233979158,26.39734004974365,0.45708999117648474,25.73271011352539,3.0517171804212984,24.686420059204103,7.419381123108049,26.389946924764388,26.640052617471937,0.4602646128644583,-0.48288983323846457,,
2023-09-14,26.549999237060547,26.549999237060547,26.729999542236328,26.691999435424805,17400,SFLR,26.639999389648438,60.20105391189507,26.409880027770996,1.0682343401679617,25.754780101776124,3.639011204696896,24.701575059890747,8.05788444950628,26.3962131267921,26.730585884438366,0.14456185310101066,-1.108145942188743,,
2023-09-15,26.600000381469727,26.389999389648438,26.600000381469727,26.43000030517578,98000,SFLR,26.494999885559082,50.646288409678704,26.419880027770997,0.03830553883721333,25.77410011291504,2.54480346311714,24.716590061187745,6.932227462390084,26.368443295771645,26.74235611218734,1.1818229413731451,-0.23290582176831442,,
2023-09-18,26.43000030517578,26.389999389648438,26.518999099731445,26.426000595092773,15800,SFLR,26.45449924468994,50.514479378924726,26.43112003326416,-0.019368979312817114,25.796080112457275,2.441923268532964,24.731815061569215,6.8502272449714185,26.321629857029517,26.707570124659934,1.0655018664437854,-0.39495472531941855,,
2023-09-19,26.440000534057617,26.239999771118164,26.450000762939453,26.420000076293945,38300,SFLR,26.34500026702881,50.302966842059654,26.44110004425049,-0.07979988699877705,25.81869010925293,2.328971626742282,24.744850063323973,6.769691506245268,26.289499404781495,26.704900619632568,1.0783517884780602,-0.493946522087807,,
2023-09-20,26.479999542236328,26.200000762939453,26.485000610351562,26.219999313354492,29000,SFLR,26.342500686645508,43.730449912903,26.443640022277833,-0.845725886205273,25.835990104675293,1.4863344006688983,24.75665005683899,5.910934044613425,26.137505039489305,26.737694850647415,1.9744300184983077,-0.31462347835825577,,
2023-09-21,26.0,25.829999923706055,26.040000915527344,25.829999923706055,12800,SFLR,25.9350004196167,34.315034069556866,26.435040016174316,-2.288780694480008,25.848550109863282,-0.07176490007518854,24.766345052719117,4.294759152885819,25.801802810045512,26.728597275403704,3.4788902607504113,-0.10916420342170774,,
2023-09-22,25.920000076293945,25.77199935913086,25.959999084472656,25.790000915527344,36300,SFLR,25.865999221801758,33.51795204662782,26.421740036010743,-2.39098227301604,25.860450115203857,-0.27242062440009374,24.77723505973816,4.0874853604423445,25.582109913175746,26.6922904164141,3.498602050624644,-0.8060914888391224,,
2023-09-25,25.770000457763672,25.709999084472656,25.8700008392334,25.790000915527344,82200,SFLR,25.789999961853027,33.51795204662781,26.408560066223146,-2.342267617562932,25.873810119628907,-0.32391520117859285,24.789500064849854,4.035986397709346,25.487392157016444,26.532608300747228,2.8794391580373446,-1.1733569126347265,,
2023-09-26,25.649999618530273,25.489999771118164,25.69499969482422,25.523000717163086,21600,SFLR,25.59249973297119,28.409254960959604,26.387620086669923,-3.276609890043136,25.88571012496948,-1.4011955092416928,24.800545072555543,2.913063573780139,25.383792948474568,26.277407765636763,2.9557929211919465,-0.5454208548249073,,
2023-09-27,25.56999969482422,25.395000457763672,25.610000610351562,25.5,20200,SFLR,25.502500534057617,28.013151062016817,26.36466007232666,-3.279617753290287,25.898510131835938,-1.5387376718094092,24.81064507484436,2.7784643368849116,25.398807065514372,25.97439392325516,1.8603683264908355,-0.39683503719853963,,
2023-09-28,25.530000686645508,25.530000686645508,25.694000244140625,25.670000076293945,148300,SFLR,25.612000465393066,35.2041449587563,26.344860076904297,-2.561638204341732,25.909640140533448,-0.9249069571777069,24.822255077362062,3.4152618136014112,25.40460290980498,25.904598139999706,0.9138997390280901,-1.0338806610836748,,
2023-09-29,25.759000778198242,25.530000686645508,25.774999618530273,25.6299991607666,49100,SFLR,25.65250015258789,34.33502714782288,26.325300064086914,-2.6411889005164446,25.919950122833253,-1.1186401235055987,24.832675075531007,3.2107861227614665,25.412313971885304,25.83288637601509,0.791600553616334,-0.8493374795521702,,
2023-10-02,25.59000015258789,25.450000762939453,25.639999389648438,25.6299991607666,35100,SFLR,25.545000076293945,34.335027147822885,26.305700035095214,-2.5686481387195204,25.930880107879638,-1.160319070780813,24.84221507072449,3.171150752053853,25.457372249594876,25.72382739640122,0.3660875486029891,-0.6735345954906435,,
2023-10-03,25.850000381469727,25.349000930786133,25.850000381469727,25.420000076293945,86800,SFLR,25.59950065612793,29.84837519157316,26.281340026855467,-3.277382164232745,25.938780117034913,-2.0000171110601594,24.85081506729126,2.290407809407613,25.381108634251095,25.758890755397342,1.3331655314172686,-0.152995444241244,,
2023-10-04,25.43000030517578,25.38599967956543,25.600000381469727,25.579999923706055,94900,SFLR,25.493000030517578,36.641600721698694,26.25832000732422,-2.5832577386099342,25.94852010726929,-1.420197306203974,24.862975063323976,2.8839061236874297,25.41045517649191,25.761544182638946,0.7097117258575425,-0.6628019848311961,,
2023-10-05,25.5,25.39900016784668,25.56999969482422,25.469999313354492,29800,SFLR,25.48449993133545,34.19027457763135,26.233019981384277,-2.9086268701478013,25.95752010345459,-1.87814856025178,24.875390062332155,2.3903514659765257,25.37413958871522,25.717859465239858,0.9731454988905597,-0.37636327924441826,,
2023-10-06,25.43000030517578,25.34000015258789,25.81999969482422,25.78499984741211,267700,SFLR,25.579999923706055,45.44558421452894,26.215699996948242,-1.6429092093145359,25.969170093536377,-0.7091880312729226,24.890275058746337,3.5946761799700244,25.320593782793093,25.833405545820188,0.18772813145055967,-1.8010706510266927,,
2023-10-09,25.700000762939453,25.68000030517578,25.889999389648438,25.84000015258789,55800,SFLR,25.78499984741211,47.14534992032489,26.194300003051758,-1.3525837698376786,25.9822700881958,-0.5475654556933662,24.90544006347656,3.7524335515831675,25.28467044788194,25.953329277459854,0.43858020202300896,-2.1491087516512075,,
2023-10-10,25.940000534057617,25.924999237060547,26.059999465942383,25.97599983215332,48300,SFLR,25.992499351501465,51.19468523213812,26.174959983825683,-0.7601163546966494,25.994650077819824,-0.07174647710459503,24.920150060653686,4.23693183600331,25.366066745286073,26.094332882399474,0.4555476247720014,-2.3480639467523656,,
2023-10-11,26.0,25.920000076293945,26.059999465942383,26.010000228881836,38500,SFLR,25.989999771118164,52.181036216871995,26.157459983825685,-0.5637388149882683,26.005950088500978,0.015573898923415541,24.93625506401062,4.305959985230112,25.432023532775148,26.200376216980715,0.7319338193910507,-2.222132606769056,,
2023-10-12,26.049999237060547,25.889999389648438,26.09000015258789,25.979999542236328,24500,SFLR,25.989999771118164,51.19782290074583,26.145499992370606,-0.6329978397145664,26.016950092315675,-0.1420249104842619,24.95177005767822,4.120867907091408,25.740560324111144,26.095839517197447,0.4458813587459698,-0.9216290313474484,,
2023-10-13,26.049999237060547,25.860000610351562,26.049999237060547,25.90999984741211,39300,SFLR,25.954999923706055,48.883382828050046,26.133059997558593,-0.8535554204801232,26.026950092315673,-0.44934287148032936,24.967420053482055,3.775239059185842,25.821069614785625,26.06533022652297,0.5994997299329397,-0.3432274533006874,,
2023-10-16,26.06999969482422,26.049999237060547,26.110000610351562,26.083999633789062,36600,SFLR,26.079999923706055,54.40140180721631,26.126619987487793,-0.1631299943090303,26.040350093841553,0.1676227077985093,24.984840049743653,4.399306066626929,25.87917435083636,26.1048252829527,0.07984070486131145,-0.7852525909691099,,
2023-10-17,25.940000534057617,25.940000534057617,26.174999237060547,26.07200050354004,60400,SFLR,26.057499885559082,53.968739466847786,26.115519981384278,-0.16664220308559852,26.055070095062256,0.06497932423905617,25.000720052719117,4.284998386294103,25.884037482464326,26.138362419879424,0.25453327346467436,-0.7209382381309526,,
2023-10-18,25.950000762939453,25.81999969482422,26.030000686645508,25.8799991607666,17400,SFLR,25.925000190734863,47.46383382658291,26.102439956665037,-0.8521839194639669,26.066270084381102,-0.714605208230823,25.016005048751833,3.4537653407528346,25.820166360713905,26.150233114383752,1.0441806892591332,-0.2311932070824807,,
2023-10-19,25.834999084472656,25.649999618530273,25.94499969482422,25.649999618530273,20900,SFLR,25.797499656677246,41.076755416522005,26.088599967956544,-1.681195426220583,26.07270008087158,-1.6212377737257255,25.030485048294068,2.475040212128965,25.603482021704043,26.234917483911193,2.2803815753601686,-0.18135515601577223,,
2023-10-20,25.624000549316406,25.420000076293945,25.624000549316406,25.420000076293945,13400,SFLR,25.522000312805176,35.8774462908888,26.069839973449707,-2.492688477633842,26.076410083770753,-2.5172560385731124,25.043445053100587,1.5036071211246504,25.310754635378856,26.33164496178911,3.5863292004681746,-0.42976176470184146,,
2023-10-23,25.290000915527344,25.290000915527344,25.549999237060547,25.31999969482422,41100,SFLR,25.420000076293945,33.87008667135439,26.050419960021973,-2.8038713629902623,26.079690074920656,-2.9129578530804223,25.056670055389404,1.050936293021798,25.109049158640357,26.227750462941675,3.5851136613679113,-0.8331379886508561,,
2023-10-24,25.489999771118164,25.3799991607666,25.540000915527344,25.499000549316406,23500,SFLR,25.460000038146973,40.308171222793504,26.032039985656738,-2.0476283711688636,26.08323007583618,-2.239866476740593,25.069170055389403,1.7145780772850117,25.16266992728217,25.944929712610406,1.7488103599650806,-1.3189953127133558,,
2023-10-25,25.329999923706055,25.200000762939453,25.34600067138672,25.200000762939453,23200,SFLR,25.273000717163086,34.30104766645068,26.012080001831055,-3.12193119056392,26.081530075073243,-3.3798987620603183,25.080065059661866,0.4782112924837989,25.11118449857878,25.724415782182938,2.0810119181215114,-0.3524454828243151,,
2023-10-26,25.110000610351562,24.899999618530273,25.110000610351562,24.90999984741211,26800,SFLR,25.005000114440918,29.680827704271493,25.989580001831055,-4.1538961166086015,26.07693006515503,-4.474952438140778,25.089395055770876,-0.7150240488461024,24.85803224434298,25.681568127971474,3.097423867064064,-0.20862145077262806,,
2023-10-27,25.010000228881836,24.809999465942383,25.010000228881836,24.90999984741211,36200,SFLR,24.90999984741211,29.6808277042715,25.96992000579834,-4.081337786753214,26.072040061950684,-4.457036011671544,25.097960052490233,-0.748906304277408,24.70578951067237,25.629810770089346,2.889646435513793,-0.8197926053417959,minimum,ðŸ’¸8.11%<br>$24.81
2023-10-30,25.09000015258789,24.961999893188477,25.139999389648438,25.114999771118164,10500,SFLR,25.050999641418457,36.67380848147608,25.95506000518799,-3.2365952299933443,26.06999006271362,-3.663178579271209,25.106885051727296,0.03232069360317169,24.690419167665002,25.563181143614297,1.7845167293671915,-1.6905459180669546,,
2023-10-31,25.030000686645508,25.010000228881836,25.219999313354492,25.1299991607666,13400,SFLR,25.114999771118164,37.166172908592934,25.93703998565674,-3.1115378830291918,26.066790046691896,-3.593809917704771,25.11548504829407,0.05778949697616831,24.812533407980137,25.293466347879235,0.6504862418294177,-1.2632939251430497,,
2023-11-01,25.204999923706055,25.18000030517578,25.399999618530273,25.389999389648438,43000,SFLR,25.289999961853027,45.13002021594417,25.92547996520996,-2.0654606058599367,26.065970039367677,-2.5933070923442103,25.125235042572022,1.0537785880522232,24.736576501273596,25.445422705269372,0.21828797539684697,-2.573544324862187,,
2023-11-02,25.549999237060547,25.549999237060547,25.649999618530273,25.600000381469727,30200,SFLR,25.59999942779541,50.57852587395678,25.913159980773926,-1.2084963761137102,26.066590042114257,-1.7899911721889539,25.136970043182373,1.8420292401666538,24.748899385381964,25.709100034784054,0.4261705144086525,-3.324613216427219,,
2023-11-03,25.69099998474121,25.649999618530273,25.770000457763672,25.760000228881836,53600,SFLR,25.710000038146973,54.30179677934498,25.90977996826172,-0.5780818654707143,26.067140045166017,-1.1782643425861328,25.150160045623778,2.424796431322007,24.89002362889734,25.90797594385657,0.574439882220279,-3.3772383239697668,,
2023-11-06,25.690000534057617,25.690000534057617,25.780000686645508,25.780000686645508,14900,SFLR,25.735000610351562,54.76060457087365,25.90419998168945,-0.4794562083821785,26.06772005081177,-1.103738123646536,25.16202004432678,2.4560056832879873,25.042198911981387,26.021801026983454,0.9379376799753203,-2.861915263820436,,
2023-11-07,25.79199981689453,25.788000106811523,25.850000381469727,25.850000381469727,133600,SFLR,25.819000244140625,56.410126753515094,25.897599983215333,-0.18379927783446215,26.06762004852295,-0.8348275241396808,25.173265047073365,2.6883097330874017,25.346490753771548,26.00550967347455,0.601583325763877,-1.947812844363106,,
2023-11-08,25.854999542236328,25.799999237060547,25.860000610351562,25.84000015258789,29500,SFLR,25.829999923706055,56.09544796810641,25.885699996948244,-0.17654475005791648,26.06744005203247,-0.872505696725856,25.184560050964354,2.6025473555907563,25.58640086398082,25.945599868441057,0.40866762859748107,-0.9814213897427981,,
2023-11-09,25.850000381469727,25.719999313354492,26.010000228881836,26.010000228881836,26200,SFLR,25.864999771118164,60.16374584203042,25.874700012207033,0.5229054505403896,26.06939004898071,-0.22781438302656998,25.196760053634645,3.2275585175082,25.67209140567472,26.023909265712,0.05347572744238693,-1.2991496356539733,,
2023-11-10,25.809999465942383,25.75,25.959999084472656,25.889999389648438,41800,SFLR,25.854999542236328,56.204656163859404,25.861279983520507,0.11105175825105729,26.070970039367676,-0.6941462072411198,25.207560052871703,2.7072804164518516,25.72084695057808,26.027153385115284,0.5297566577837864,-0.6533504946237723,,
2023-11-13,25.930999755859375,25.875,25.9689998626709,25.950000762939453,787400,SFLR,25.92199993133545,57.7034003662651,25.84826000213623,0.3936077739655097,26.072670040130614,-0.4704898922985312,25.21797505378723,2.902793374927559,25.779999971386793,26.036000394824143,0.33140512276019773,-0.6551090040638696,,
2023-11-14,26.209999084472656,26.1299991607666,26.30500030517578,26.209999084472656,275200,SFLR,26.21749973297119,63.527850974072805,25.840339965820313,1.4305505234888605,26.07815002441406,0.5055920758763932,25.23064504623413,3.881605232224139,25.72325162056934,26.236748226842767,0.10205701375227694,-1.8571059935354017,,
2023-11-15,26.239999771118164,26.170000076293945,26.260000228881836,26.170000076293945,32600,SFLR,26.21500015258789,62.11081746827572,25.834739952087403,1.2977104659396943,26.084440021514894,0.3280118519258135,25.24207004547119,3.6761249340928615,25.797613522193007,26.29438629470152,0.47530079497497546,-1.4229520558475817,,
2023-11-16,26.149999618530273,26.149999618530273,26.280000686645508,26.280000686645508,41200,SFLR,26.21500015258789,64.45871752115725,25.831339950561524,1.7368852600859075,26.089120025634767,0.7316485217714774,25.25324504852295,4.065836434682724,25.79536896556574,26.404631034434264,0.4742402759984943,-1.8441084795178142,,
2023-11-17,26.229999542236328,26.229999542236328,26.549999237060547,26.309999465942383,44300,SFLR,26.389999389648438,65.09398670875137,25.82813995361328,1.8656376850772372,26.09472002029419,0.8249923566176154,25.26364504814148,4.1417397046507265,25.92988257712235,26.43811745339523,0.4869554924115116,-1.444762054488391,,
2023-11-20,26.350000381469727,26.309999465942383,26.8799991607666,26.309999465942383,56100,SFLR,26.594999313354492,65.09398670875136,25.821739959716798,1.8908853818034421,26.100080013275146,0.8042866250236314,25.27449504852295,4.0970330581538095,26.143145908038097,26.368853603680652,0.22369494083211983,-0.6341830531782167,,
2023-11-21,26.3799991607666,26.299999237060547,26.40999984741211,26.299999237060547,36300,SFLR,26.354999542236328,64.64725118974377,25.81759994506836,1.8684900727355735,26.102690010070802,0.7558961429401378,25.285435047149658,4.01244506182723,26.167717611785505,26.380281960968404,0.3052575142083125,-0.5029719738114613,,
2023-11-22,26.3700008392334,26.290000915527344,26.399999618530273,26.329999923706055,182000,SFLR,26.34500026702881,65.41410843718461,25.813839950561523,1.9995474293366566,26.10559000015259,0.8596240251691478,25.295475044250487,4.089762606338998,26.273504079297616,26.338495432421134,0.03226550983552734,-0.2145683424692013,,
2023-11-24,26.40999984741211,26.34000015258789,26.40999984741211,26.40999984741211,2800,SFLR,26.375,67.4422083214256,25.808199958801268,2.3318165915155564,26.10903999328613,1.152703639058994,25.30662504196167,4.360023525937984,26.251600223204292,26.4123989528211,0.00908407960185098,-0.5997713938773019,,
2023-11-27,26.39900016784668,26.360000610351562,26.469999313354492,26.420000076293945,17500,SFLR,26.414999961853027,67.69720557852523,25.807999954223632,2.3713581957371055,26.113939990997313,1.1720180309908956,25.31859004020691,4.350202891780119,26.252333093976915,26.455666326189103,0.13499716045481946,-0.634621430101634,,
2023-11-28,26.40999984741211,26.389999389648438,26.5,26.389999389648438,21900,SFLR,26.44499969482422,66.02648176273917,25.807279930114746,2.2579654311174036,26.11919998168945,1.036782934197178,25.33027003288269,4.183648083459235,26.276191021775876,26.463808367872563,0.27968541087983745,-0.4312556669372358,,
2023-11-29,26.53499984741211,26.3700008392334,26.579999923706055,26.3700008392334,51400,SFLR,26.475000381469727,64.87706605327709,25.806279945373536,2.184432994810348,26.12368999481201,0.9428639080861112,25.340885038375855,4.061088629300302,26.320000171654623,26.447999858862953,0.29578694405465455,-0.1896119301762922,,
2023-11-30,26.44499969482422,26.381999969482422,26.69499969482422,26.5049991607666,23100,SFLR,26.53849983215332,68.82266143242678,25.811979942321777,2.6848743102753536,26.127809982299805,1.4436310533577856,25.3518350315094,4.5486416577890765,26.326393980748595,26.5116057445932,0.024925802813746678,-0.6738546903347298,,
2023-12-01,26.549999237060547,26.450000762939453,26.65999984741211,26.65999984741211,392600,SFLR,26.55500030517578,72.6251156138854,25.828579940795898,3.2189919404086,26.13180997848511,2.0212525246505075,25.363360033035278,5.112255681770805,26.256924773933225,26.681074951408572,0.07905140328989813,-1.511909511574927,,
2023-12-04,26.549999237060547,26.389999389648438,26.65999984741211,26.579999923706055,25900,SFLR,26.524999618530273,68.01441869455181,25.844379920959472,2.8463441761665376,26.133059978485107,1.7102472714213501,25.37554503440857,4.746518302027702,26.280056675066604,26.721942989240034,0.5340220690045472,-1.1284546632821413,,
2023-12-05,26.489999771118164,26.469999313354492,26.59000015258789,26.579999923706055,16300,SFLR,26.52999973297119,68.01441869455181,25.860179901123047,2.783507405343877,26.134369983673096,1.7051489678586274,25.388105030059815,4.6946981361351,26.343613708191164,26.73438616973852,0.580836141744201,-0.8893386613747278,,
2023-12-06,26.6299991607666,26.420000076293945,26.649999618530273,26.420000076293945,41000,SFLR,26.53499984741211,59.284323677449166,25.878119888305665,2.093970467433981,26.132869987487794,1.0987315551014065,25.40182502746582,4.008275183878407,26.386962726827583,26.711036845926323,1.1015774746099272,-0.12504674250930492,,
2023-12-07,26.575000762939453,26.575000762939453,26.68000030517578,26.670000076293945,12000,SFLR,26.627500534057617,66.51629383878962,25.901519889831544,2.9669308586176557,26.133089981079102,2.0545220469664116,25.416935024261473,4.930039954999965,26.40293581223105,26.761064126733793,0.3414475072341272,-1.001365816643851,,
2023-12-08,26.719999313354492,26.634000778198242,26.790000915527344,26.739999771118164,27000,SFLR,26.712000846862793,68.21849265807612,25.922919883728028,3.151959312666097,26.133889980316162,2.319248268277385,25.43188002586365,5.143621879012428,26.38318854984021,26.812811358607053,0.2722946451463093,-1.3343725666869477,,
2023-12-11,26.770000457763672,26.700000762939453,26.850000381469727,26.850000381469727,13700,SFLR,26.77500057220459,70.73612456538059,25.94731990814209,3.4788967666921966,26.1363099861145,2.730647117876961,25.448445024490358,5.507430240356848,26.360411172035914,26.943588919516824,0.34856065816553095,-1.823423472916219,,
2023-12-12,26.809999465942383,26.790000915527344,26.959999084472656,26.91200065612793,21900,SFLR,26.875,72.07869375593529,25.972959938049318,3.615455151505298,26.139329986572264,2.9559696822855974,25.46505002975464,5.6821040001201695,26.375878377888753,27.06092200663273,0.5533641010479373,-1.9921308901911794,,
2023-12-13,26.889999389648438,26.8799991607666,27.15999984741211,27.100000381469727,96600,SFLR,27.019999504089355,75.71668096390447,26.006559944152833,4.2044793300804795,26.14394998550415,3.6568705053967365,25.482780027389527,6.346326234194111,26.556746113276514,27.152054393315286,0.19208122181855192,-2.0046282676980165,,
2023-12-14,27.14900016784668,27.110000610351562,27.18000030517578,27.110000610351562,9900,SFLR,27.145000457763672,75.89658521210153,26.03715995788574,4.120421175739231,26.147739982604982,3.680091007432118,25.501155033111573,6.308912577297021,26.654851397886677,27.229949322328164,0.442451896997742,-1.678897831861692,,
2023-12-15,27.209999084472656,27.1299991607666,27.229999542236328,27.219999313354492,42400,SFLR,27.179999351501465,77.84123430785102,26.07215995788574,4.402547994960337,26.15258996963501,4.081467055304344,25.519495029449462,6.663549893689713,26.765093444045622,27.311707093063756,0.33691323300022447,-1.6712192534321213,,
2023-12-18,27.209999084472656,27.190000534057617,27.290000915527344,27.290000915527344,17400,SFLR,27.24000072479248,79.00225618537874,26.102259979248046,4.550337546341132,26.158979988098146,4.32364307761155,25.536775035858156,6.865494476915535,26.86955949152834,27.38324125920408,0.3416648609333217,-1.5406427625283992,,
2023-12-19,27.309999465942383,27.23699951171875,27.31999969482422,27.31999969482422,18300,SFLR,27.278499603271484,79.49801565866164,26.131859970092773,4.546709365851642,26.163079986572267,4.4219553234776665,25.55411003112793,6.910393911371693,27.02760092970789,27.388399436503047,0.2503650894688292,-1.0702736763636311,,
2023-12-20,27.28700065612793,27.18000030517578,27.350000381469727,27.18000030517578,122900,SFLR,27.265000343322754,71.06537344167418,26.155939979553224,3.915211330287094,26.165449981689452,3.877442674199405,25.571895036697388,6.288565107007726,27.07295076735763,27.37504956833573,0.7176205333699226,-0.3938540714356398,,
2023-12-21,27.30500030517578,27.19300079345703,27.3700008392334,27.365999221801758,40600,SFLR,27.281500816345215,74.87804789836183,26.183059959411622,4.517956511667842,26.170259971618652,4.569076698052954,25.590525035858153,6.9380139073182745,27.140795496942758,27.40960428333068,0.15934028637325515,-0.8229325851898173,,
2023-12-22,27.427000045776367,27.382999420166016,27.459999084472656,27.40399932861328,8500,SFLR,27.421499252319336,75.58585109298875,26.21153995513916,4.549367856734121,26.178519973754884,4.681240024596467,25.61085503578186,7.001501083529438,27.158763692011245,27.46523609436571,0.22345922950191,-0.8948899525989207,,
2023-12-26,27.489999771118164,27.44499969482422,27.510000228881836,27.469999313354492,13500,SFLR,27.477499961853027,76.8080452185838,26.24273994445801,4.676567201038995,26.1878999710083,4.895769969205466,25.632870035171507,7.167083809429897,27.153368344427864,27.542630801079948,0.2644029470002529,-1.1526427988394539,,
2023-12-27,27.540000915527344,27.459999084472656,27.559999465942383,27.489999771118164,12900,SFLR,27.50999927520752,77.18084778396556,26.27085994720459,4.640654422290047,26.198739967346192,4.928709569167755,25.65483003616333,7.153310828284409,27.1611798392889,27.602819336736495,0.410402206466598,-1.1961438143580305,maximum,ðŸš€11.08%<br>$27.56
2023-12-28,27.469999313354492,27.392000198364258,27.469999313354492,27.43000030517578,9400,SFLR,27.430999755859375,73.37057897896555,26.298019943237303,4.3044319092532035,26.20676996231079,4.6676120125607845,25.675175037384033,6.834715888934184,27.342771519045154,27.521227656980233,0.332582394420311,-0.31800504980004085,,
2023-12-29,27.360000610351562,27.29400062561035,27.43000030517578,27.329999923706055,27100,SFLR,27.362000465393066,67.39837728739984,26.327019958496095,3.8096980470677444,26.214729957580566,4.254363741034783,25.695390033721925,6.361490866022712,27.312582960838586,27.537016495948524,0.7574700798403722,-0.06372836778664182,minimum,ðŸ’¸0.97%<br>$27.29
